sample_name,cbc,i5,i7
Control_Rep1,AAACCCAAGAAACACT,TATAGCCT,ATTACTCG
Control_Rep2,AAACCCAAGCAACAAT,ATAGAGGC,ATTACTCG
Control_Rep3,AAACCCAAGCTTGTTG,CCTATCCT,ATTACTCG
Treatment_Rep1,AAACCCAAGGAGCGAG,GGCTCTGA,TCCGGAGA
Treatment_Rep2,AAACCCAAGGGCTCTC,TATAGCCT,TCCGGAGA
Treatment_Rep3,AAACCCAAGTCATGAT,ATAGAGGC,TCCGGAGA
Sample_A1,AAACCCAAGTGGAGAA,CCTATCCT,CGCTCATT
Sample_A2,AAACCCAATAAGTGGC,GGCTCTGA,CGCTCATT
Sample_A3,AAACCCAATAGGACAC,TATAGCCT,CGCTCATT
Sample_B1,AAACCCAATCCTTGAG,ATAGAGGC,GAGATTCC
Sample_B2,AAACCCAATGAAGACA,CCTATCCT,GAGATTCC
Sample_B3,AAACCCAATGGATCGA,GGCTCTGA,GAGATTCC
Negative_Control,AAACCCAATGTGCATA,TATAGCCT,TCGACTAG
Positive_Control,AAACGAGAGAAACACT,ATAGAGGC,TCGACTAG
Library_QC1,AAACGAGAGCAACAAT,CCTATCCT,TTCTAGCT
Library_QC2,AAACGAGAGCTTGTTG,GGCTCTGA,TTCTAGCT
